doc_id,filename,url,title,author,date,sha256,bytes
doc_1,'Tough' Liam Lawson speaks after Red Bull axing.txt,https://www.espn.co.uk/f1/story/_/id/44436717/tough-liam-lawson-reflects-red-bull-formula-1-axing,'Tough' Liam Lawson speaks after Red Bull axing,Nate Saunders,03-28-2025,26311b8cb8fbf7715dc7a959b3851e5f2ed68dd55027a01bebd810fb5a69a062,1641
doc_2,"2025 Bahrain Grand Prix recap F1 results, highlights as Oscar Piastri wins for McLaren.txt",https://www.espn.com/f1/story/_/id/44600315/2025-bahrain-grand-prix-live-updates,"2025 Bahrain Grand Prix recap F1 results, highlights as Oscar Piastri wins for McLaren",ESPN,04-13-2025,4a82e37ae72e28c83f727b81d3ed76da56f7f12b2cef73d0d6d0256b6df01ad8,782
doc_3,"2025 Saudi Arabian Grand Prix recap F1 results, highlights as Piastri wins in Jeddah.txt",https://www.espn.com/f1/story/_/id/44733831/saudi-arabian-grand-prix-live-updates,"2025 Saudi Arabian Grand Prix recap F1 results, highlights as Piastri wins in Jeddah",ESPN,04-20-2025,75e5e2680fd3f0f62a8b11be296c1772c443c1ce4109e074b007170974175551,1152
doc_4,"A+ for effort Teenager Andrea Kimi Antonelli balances F1, school exams.txt",https://www.espn.co.uk/f1/story/_/id/44514855/teen-andrea-kimi-antonelli-balances-f1-school-exams,"A+ for effort Teenager Andrea Kimi Antonelli balances F1, school exams",Nate Saunders,04-03-2025,1dff7e04a608138c3e3e55d5b7ee3f9e0e0aed40c073e9cd1935599998de849a,2067
doc_5,Alex Albon visits Thai PM as Formula 1 bid talk continues.txt,https://www.espn.co.uk/f1/story/_/id/44502057/alex-albon-visits-thai-pm-formula-1-bid-talk-continues,Alex Albon visits Thai PM as Formula 1 bid talk continues,Nate Saunders,04-02-2025,f4d9c133edcaab4215c69fdd3aa20d428ca1a6e53ec7b6192ad779f5a4e1ef42,1766
doc_6,Alpine's Jack Doohan accrues four penalty points across Chinese GP weekend.txt,https://www.espn.co.uk/f1/story/_/id/44370441/alpine-jack-doohan-handed-four-penalty-points-chinese-gp-weekend,Alpine's Jack Doohan accrues four penalty points across Chinese GP weekend,Reuters,03-23-2025,8ac31edc469aa40c31b078f84c493d80661321b81655a974533ed932a05537b2,1625
doc_7,"Aston Martin will be in F1 for decades despite team stake sale, says Lawrence Stroll.txt",https://www.espn.co.uk/f1/story/_/id/44479462/aston-martin-f1-decades-team-stake-sale-says-lawrence-stroll,"Aston Martin will be in F1 for decades despite team stake sale, says Lawrence Stroll",Reuters,03-31-2025,f3994a88c0a7c26804e823227191fce38447c00d385d5f253123c59e608fc110,1321
doc_8,Bahrain GP FIA admit error with Nico Hulkenberg qualifying penalty.txt,https://www.espn.com/f1/story/_/id/44647005/fia-admit-error-nico-hulkenberg-qualifying-penalty-got-wrong,Bahrain GP FIA admit error with Nico Hulkenberg qualifying penalty,Nate Saunders,04-12-2025,eafe06e826720f5a96863b2e13d4fe33b5d384d406045317193a594200fa60d5,3028
doc_9,"Bahrain GP George Russell escapes penalty for DRS breach, keeps P2.txt",https://www.espn.com/f1/story/_/id/44658744/bahrain-gp-george-russell-escapes-penalty-drs-breach-keeps-p2,"Bahrain GP George Russell escapes penalty for DRS breach, keeps P2",Laurence Edmondson,04-13-2025,ff42f1a6cef139b8be67098a7f5f9b8214bc7238a2f5d45f78cf5489bbbd6821,4036
doc_10,Bahrain GP Lando Norris says he feels 'clueless' in McLaren car.txt,https://www.espn.com/f1/story/_/id/44645838/lando-norris-says-feels-clueless-mclaren-car,Bahrain GP Lando Norris says he feels 'clueless' in McLaren car,Nate Saunders,04-12-2025,a7ced072da217cf7e66b3f03577a1d4e666e88213025a6dea342c9f12b8950f3,2845
doc_11,Bahrain GP Lando Norris still 'not clicking' with McLaren car after podium.txt,https://www.espn.com/f1/story/_/id/44659520/lando-norris-not-clicking-mclaren-car-bahrain-podium,Bahrain GP Lando Norris still 'not clicking' with McLaren car after podium,Nate Saunders,04-13-2025,4025cc09891aa3e3cf7c01d7b03abcb74836f580fb5e158d7c98fa2e99328046,3631
doc_12,"Bahrain GP Lando Norris tops FP1, Lewis Hamilton 3rd, as rookies step in.txt",https://www.espn.com/f1/story/_/id/44599983/bahrain-gp-lando-norris-tops-fp1-lewis-hamilton-3rd-rookies-step-in,"Bahrain GP Lando Norris tops FP1, Lewis Hamilton 3rd, as rookies step in",Reuters,04-11-2025,bff4aadc9737a6ebec33f4a8a408de25008ded39b2c68b4176c2e5d36ae6e6cd,1769
doc_13,Bahrain GP Lewis Hamilton deflated as Ferrari struggles continue.txt,https://www.espn.com/f1/story/_/id/44645735/bahrain-gp-lewis-hamilton-deflated-ferrari-struggles-continue,Bahrain GP Lewis Hamilton deflated as Ferrari struggles continue,Nate Saunders,04-12-2025,9fdaaad558e70b216858d970dacb774fbe92c025e80250fc00faac973b34d01a,1833
doc_14,Bahrain GP Lewis Hamilton says he's figuring out 'alien' Ferrari.txt,https://www.espn.com/f1/story/_/id/44658924/bahrain-gp-lewis-hamilton-says-figuring-alien-ferrari,Bahrain GP Lewis Hamilton says he's figuring out 'alien' Ferrari,ESPN,04-13-2025,c11bcdb957396197de315c3d456d3d38d321786d23b208778678472dcf61d117,2382
doc_15,Bahrain GP Mercedes pair George Russell and Andrea Kimi Antonelli take grid penalties.txt,https://www.espn.com/f1/story/_/id/44646163/mercedes-pair-george-russell-andrea-kimi-antonelli-take-grid-penalties,Bahrain GP Mercedes pair George Russell and Andrea Kimi Antonelli take grid penalties,Nate Saunders,04-12-2025,2519b11104d8a200239f8453a41a7c7ec76d606fc4f697d1c3afc5f43503eb33,2392
doc_16,"Bahrain GP Oscar Piastri secures dominant victory, holds off George Russell to win.txt",https://www.espn.com/f1/story/_/id/44600059/oscar-piastri-secures-dominant-victory-holds-george-russell-win,"Bahrain GP Oscar Piastri secures dominant victory, holds off George Russell to win",Nate Saunders,04-13-2025,1d5697cf0996a6ec5024ad2d93f5dede9be27c09c0eceb82c3094fe7d41b7814,4108
doc_17,Bahrain GP The six rookie drivers taking on FP1 as top teams give chances.txt,https://www.espn.com/f1/story/_/id/44615460/bahrain-gp-six-rookie-drivers-taking-fp1-top-teams-give-chances,Bahrain GP The six rookie drivers taking on FP1 as top teams give chances,ESPN,04-10-2025,7b50c0a7bd09aa7d103e5cd6043d1abfa5a1d78ca95c6926f5a42dba078c0737,3125
doc_18,Bahrain GP qualifying Oscar Piastri takes pole as Lando Norris sixth.txt,https://www.espn.com/f1/story/_/id/44600039/oscar-piastri-takes-pole-ahead-george-russell,Bahrain GP qualifying Oscar Piastri takes pole as Lando Norris sixth,Nate Saunders,04-12-2025,925a826745f93ddfc749d9488261e0a495ae0758c21081c008c35dd7577a238e,3159
doc_19,Carlos Sainz delivering beyond expectations for Williams - James Vowles.txt,https://www.espn.com/f1/story/_/id/44644273/carlos-sainz-delivering-expectations-williams-james-vowles,Carlos Sainz delivering beyond expectations for Williams - James Vowles,Reuters,04-12-2025,292f48120db0b848f3d0395eccd6a385b519375aec436742c5ed2fff779b9608,2359
doc_20,Carlos Sainz escapes fine for swearing over FIA punishment.txt,https://www.espn.com/f1/story/_/id/44628811/carlos-sainz-escapes-fine-swearing-fia-punishment,Carlos Sainz escapes fine for swearing over FIA punishment,Reuters,04-11-2025,0c50fb1ea659f7f5a85ac3e5e981c1b89b21d9dd2a838ad069ec1b6c029e60ed,1487
doc_21,"Carlos Sainz, George Russell protest FIA fines for punctuality and swearing.txt",https://www.espn.com/f1/story/_/id/44617328/carlos-sainz-george-russell-protest-fia-fines,"Carlos Sainz, George Russell protest FIA fines for punctuality and swearing",Associated Press,04-10-2025,93eddb4a2fd7c8d0312cb3806d5640547e0b896cbebe0dd5ae44e38313302b52,2245
doc_22,Charles Leclerc says Ferrari not panicking after tough season start.txt,https://www.espn.co.uk/f1/story/_/id/44515917/charles-leclerc-ferrari-not-panicking-tough-start,Charles Leclerc says Ferrari not panicking after tough season start,Reuters,04-03-2025,25569519ea6d74a3df730cd0489ccf6be550b71b369df289252443721115b099,2649
doc_23,"Chinese GP Charles Leclerc, Lewis Hamilton, Pierre Gasly disqualified from race.txt",https://www.espn.co.uk/f1/story/_/id/44369260/ferrari-lewis-hamilton-charles-leclerc-investigation,"Chinese GP Charles Leclerc, Lewis Hamilton, Pierre Gasly disqualified from race",Laurence Edmondson,03-23-2025,4acbf9dfdf5d5fde967ec168b4c4d08262026dab5e12b88ba24f9e153de51aa2,2397
doc_24,"Chinese GP Ferrari takes blame for Charles Leclerc, Lewis Hamilton DQ 'mistakes'.txt",https://www.espn.co.uk/f1/story/_/id/44370015/chinese-gp-ferrari-takes-blame-charles-leclerc-lewis-hamilton-dsq-mistakes,"Chinese GP Ferrari takes blame for Charles Leclerc, Lewis Hamilton DQ 'mistakes'",ESPN,03-23-2025,d1abd5737cd19ce421e3b1cd30c7bf3e6753c87c7ea324e8c77ef9d7db9ca8e3,2535
doc_25,Chinese GP Lando Norris says he was lucky to finish after brakes went.txt,https://www.espn.co.uk/f1/story/_/id/44369543/norris-lucky-finish-china-brakes-went,Chinese GP Lando Norris says he was lucky to finish after brakes went,Reuters,03-23-2025,62239b2e4f09c75a51f23ddcb6ff3430dc1ccbda95798ae2f47249f3e909265d,2380
doc_26,F1 great Michael Schumacher signs helmet for Jackie Stewart's dementia charity.txt,https://www.espn.com/f1/story/_/id/44647148/f1-great-michael-schumacher-signs-helmet-jackie-stewart-dementia-charity,F1 great Michael Schumacher signs helmet for Jackie Stewart's dementia charity,Reuters,04-12-2025,b62b211efb8b2659e4065efe4b4b1a23b169965612f0c813deb4df0448300a50,1686
doc_27,"F1 legend Jackie Stewart, 85 Laps in Bahrain will be my last.txt",https://www.espn.com/f1/story/_/id/44656666/f1-legend-jackie-stewart-85-laps-bahrain-my-last,"F1 legend Jackie Stewart, 85 Laps in Bahrain will be my last",Reuters,04-13-2025,836087dae26c124108997d57b1df45ec9cb70fc346cd873d16c648a85c83affa,2456
doc_28,F1's return to V10 engines put on ice after FIA meeting.txt,https://www.espn.com/f1/story/_/id/44629287/no-decision-made-v10-return-f1-fia-meeting-sources,F1's return to V10 engines put on ice after FIA meeting,Nate Saunders,04-11-2025,1cfa6eefe62e7f6b5e6217d9ac3f77b5b99c2809cff0830946f74fc2674cd8fb,4239
doc_29,FIA probe grass fires at Japanese Grand Prix.txt,https://www.espn.co.uk/f1/story/_/id/44530065/fia-probe-grass-fires-japanese-grand-prix,FIA probe grass fires at Japanese Grand Prix,Reuters,04-04-2025,4ea1205ea9550d6ec0451727cb1f4648994da2930eda285e93707af61bb183b4,1457
doc_30,"Fernando Alonso welcomes Max Verstappen, Aston Martin links - but move 'unlikely'.txt",https://www.espn.com/f1/story/_/id/44718212/fernando-alonso-welcomes-max-verstappen-aston-martin-links-move-unlikely,"Fernando Alonso welcomes Max Verstappen, Aston Martin links - but move 'unlikely'",ESPN,04-17-2025,09f99e75e0cabe58736b3f6946369caa5ca8c95e133381513124cc990b0f403c,3024
doc_31,Ferrari's Fred Vasseur says out of context radio messages 'a joke'.txt,https://www.espn.co.uk/f1/story/_/id/44369996/ferrari-fred-vasseur-says-context-radio-messages-joke,Ferrari's Fred Vasseur says out of context radio messages 'a joke',Laurence Edmondson,03-24-2025,b6a851a4ec24673f909fb020fae8967a4681382857a4b9cb135d122aec407ea4,3191
doc_32,"Ferrari's Shanghai debacle Explaining Hamilton, Leclerc DQs.txt",https://www.espn.co.uk/racing/f1/story/_/id/44372906/ferraris-shanghai-debacle-explaining-lewis-hamilton-charles-leclerc-disqualifications-f1-chinese-gp,"Ferrari's Shanghai debacle Explaining Hamilton, Leclerc DQs",Laurence Edmondson,03-23-2025,87be583ee5c6b055b0d1b83f86b3e338d651ff596c476aa767ed6cd00b830b6f,5871
doc_33,Formula 1 Return to V10 engines to be discussed next week - sources.txt,https://www.espn.co.uk/racing/f1/story/_/id/44539125/formula-1-v10-engines-return-meeting-next-week,Formula 1 Return to V10 engines to be discussed next week - sources,Nate Saunders,04-05-2025,a091632ae403e523658954da9c4dfaa170b6666c82332d7bd674bc59c53e004a,2495
doc_34,Helmut Marko Red Bull fear Max Verstappen exit amid F1 issues.txt,https://www.espn.com/f1/story/_/id/44667776/red-bull-fear-max-verstappen-exit-amid-f1-issues-helmut-marko,Helmut Marko Red Bull fear Max Verstappen exit amid F1 issues,Laurence Edmondson,04-14-2025,e9ccf001f034da79e1d359d57165ce8a0be6fc7ee92211b6220f70f8bda98e72,3828
doc_35,"Isack Hadjar scores first points in F1, would not say no to Red Bull.txt",https://www.espn.co.uk/f1/story/_/id/44556551/isack-hadjar-scores-first-points-f1-not-say-no-red-bull,"Isack Hadjar scores first points in F1, would not say no to Red Bull",Reuters,04-06-2025,cebc8581443e562982ee1d3273b518d47a5561886be5a20654a9cc7122afc9da,2326
doc_36,Japan GP Aston Martin chief urges F1 to focus on hybrids over V10s.txt,https://www.espn.co.uk/f1/story/_/id/44513582/japan-gp-aston-martin-andy-cowell-formula-one-focus-hybrid,Japan GP Aston Martin chief urges F1 to focus on hybrids over V10s,Laurence Edmondson,04-03-2025,0b0c11119d4c7a3651762c409cb40458c527241963cdf09e85bba5f00a0d916f,4068
doc_37,Japan GP Red Bull to race with one-off white livery in Honda tribute.txt,https://www.espn.co.uk/f1/story/_/id/44487481/japan-gp-red-bull-race-one-white-livery-honda-tribute,Japan GP Red Bull to race with one-off white livery in Honda tribute,Laurence Edmondson,04-01-2025,6cc99987ac7540c9a6cca9f382388cd27837688b6da5567d597ff76c98365773,2595
doc_38,Japan GP Tsunoda asked to get close to Verstappen.txt,https://www.espn.co.uk/f1/story/_/id/44490558/japan-gp-tsunoda-asked-get-close-verstappen-possible,Japan GP Tsunoda asked to get close to Verstappen,ESPN,04-01-2025,4f35f4ea451cfc28ea85208631e8a2cfed41461a9eafabe698633ca9068d3a3b,1828
doc_39,Japan GP Yuki Tsunoda dreaming of standing on the podium with Red Bull.txt,https://www.espn.co.uk/f1/story/_/id/44474607/japan-gp-yuki-tsunoda-dreaming-standing-podium-red-bull,Japan GP Yuki Tsunoda dreaming of standing on the podium with Red Bull,Nate Saunders,03-31-2025,361ddcdbee664d6a5da9d57bd9f4230e1998860babc42efbad56cbbd976e0670,2066
doc_40,Japanese GP Alpine's Jack Doohan crashes heavy in F1 Friday practice.txt,https://www.espn.co.uk/f1/story/_/id/44528008/formula-1-jack-doohan-japanese-grand-prix-crash,Japanese GP Alpine's Jack Doohan crashes heavy in F1 Friday practice,Nate Saunders,04-04-2025,c8a913355f448517a13c00eb7b3eb244494c7536ce186f61007f2ecfe14d40db,2674
doc_41,Japanese GP Andrea Stella defends McLaren strategy calls.txt,https://www.espn.co.uk/f1/story/_/id/44556062/andrea-stella-defends-mclaren-strategy-calls,Japanese GP Andrea Stella defends McLaren strategy calls,Laurence Edmondson,04-06-2025,0ec4a896c00196ac86e10ae406c8680ae0ade0d9575bcbc3de80fa1a3c6c8eac,4099
doc_42,Japanese GP Carlos Sainz handed three-place grid drop for impeding Lewis Hamilton.txt,https://www.espn.co.uk/f1/story/_/id/44542960/carlos-sainz-handed-three-place-grid-drop-impeding-lewis-hamilton,Japanese GP Carlos Sainz handed three-place grid drop for impeding Lewis Hamilton,Nate Saunders,04-05-2025,835f5c26afa9d830c96ba749a995f9d0c2a58cb8801f90d048a54dcd03f864df,1979
doc_43,Japanese GP Does F1 have an overtaking problem.txt,https://www.espn.com/f1/story/_/id/44568617/japanese-gp-was-further-evidence-formula-1-overtaking-problem,Japanese GP: Does F1 have an overtaking problem?,Laurence Edmondson,04-07-2025,277dfdf6ba2b1c679a20a769e5ae982325d0b6f205041a2c8392fd8e9f330ac3,10636
doc_44,Japanese GP Ex Racing Bulls boss claims Tsunoda always better choice over Lawson.txt,https://www.espn.co.uk/f1/story/_/id/44538747/ex-racing-bulls-boss-yuki-tsunoda-always-better-choice-liam-lawson,Japanese GP Ex Racing Bulls boss claims Tsunoda always better choice over Lawson,Nate Saunders,04-05-2025,a412dcd90d53985c868c7adb5d2c4b965e3f71e6d00390fe280234d53ad9c3a3,1946
doc_45,Japanese GP Fernando Alonso in awe of 'magical' Max Verstappen after pole lap.txt,https://www.espn.co.uk/f1/story/_/id/44542381/fernando-alonso-awe-magical-max-verstappen-pole-lap,Japanese GP Fernando Alonso in awe of 'magical' Max Verstappen after pole lap,Nate Saunders,04-05-2025,a74d1cc475e2119eb62377db4a1df08d10393b95c22a9f5ec579fabc11323a9a,2077
doc_46,Japanese GP Max Verstappen beats McLarens for fourth-straight win.txt,https://www.espn.co.uk/f1/story/_/id/44504134/max-verstappen-beats-mclarens-fourth-straight-win,Japanese GP Max Verstappen beats McLarens for fourth-straight win,Laurence Edmondson,04-06-2025,95752a037ff0876cac5f63a44c4751fb2fb2799dc163a03147d838e146625279,4256
doc_47,"Japanese GP Max Verstappen entitled to not leave space, says Lando Norris.txt",https://www.espn.co.uk/f1/story/_/id/44555742/max-verstappen-entitled-not-leave-space-says-lando-norris,"Japanese GP Max Verstappen entitled to not leave space, says Lando Norris",Laurence Edmondson,04-06-2025,d9cae1fee93806acc24027152c04de35414e4b4ec53b3db2651e48ad438be12a,2925
doc_48,Japanese GP Mercedes teenager Andrea Kimi Antonelli takes F1 records.txt,https://www.espn.co.uk/f1/story/_/id/44556342/mercedes-teenager-andrea-kimi-antonelli-takes-f1-records,Japanese GP Mercedes teenager Andrea Kimi Antonelli takes F1 records,Reuters,04-06-2025,69200a469417bfb348b0e4cbc4cccb516be0d4e59a61ae532211acc59de5bf24,2028
doc_49,Japanese GP Yuki Tsunoda 'very sad' after Red Bull qualifying debut.txt,https://www.espn.co.uk/f1/story/_/id/44543240/yuki-tsunoda-very-sad-red-bull-qualifying-debut,Japanese GP Yuki Tsunoda 'very sad' after Red Bull qualifying debut,Laurence Edmondson,04-05-2025,3d8e09c18f8a96498fb3803394fa68c28720553f5b725993df8a29fab3b8ed41,1755
doc_50,Japanese GP qualifying Lando Norris applauds Max Verstappen for 'amazing' lap.txt,https://www.espn.co.uk/f1/story/_/id/44544009/lando-norris-applauds-max-verstappen-amazing-lap,Japanese GP qualifying Lando Norris applauds Max Verstappen for 'amazing' lap,Reuters,04-05-2025,65d3b5d61218401ffd59b3ddcdaf466b8dab825dadd5258242b6576363c9f674,2445
doc_51,Japanese GP qualifying Lewis Hamilton says P8 start is 'not good enough'.txt,https://www.espn.co.uk/f1/story/_/id/44543940/lewis-hamilton-says-p8-start-not-good-enough,Japanese GP qualifying Lewis Hamilton says P8 start is 'not good enough',Laurence Edmondson,04-05-2025,c943ed994e8e91fb64323408d9b16ff2ae76ec6b01e61d25762c0656da1ffc54,2298
doc_52,Japanese GP qualifying Max Verstappen says pole was 'very unexpected'.txt,https://www.espn.co.uk/f1/story/_/id/44542843/max-verstappen-says-pole-was-very-unexpected,Japanese GP qualifying Max Verstappen says pole was 'very unexpected',Laurence Edmondson,04-05-2025,4c95790d426cbf5ed4586aaca6e60c3973dcacd9ad4180061c665068fed5d6d4,2535
doc_53,Japanese GP qualifying Rookie Isack Hadjar makes Q3 despite seatbelt 'nightmare'.txt,https://www.espn.co.uk/f1/story/_/id/44543554/hadjar-makes-q3-seatbelt-nightmare,Japanese GP qualifying Rookie Isack Hadjar makes Q3 despite seatbelt 'nightmare',Nate Saunders,04-05-2025,9bc153270f9cbd77762ea6febbb0c9f4e6a5cb430cfe148f476341973a5c2618,1405
doc_54,"Japanese Grand Prix F1 session times, predictions, stats.txt",https://www.espn.co.uk/f1/story/_/id/44442169/japanese-grand-prix-f1-session-predictions-stats,"Japanese Grand Prix F1 session times, predictions, stats",ESPN,04-03-2025,550263ef19a729a021db6a0ca5b3d17a9e813d6814d85b240643f61e8306f803,4877
doc_55,Lando Norris 'unfair on himself' - McLaren chief Andrea Stella.txt,https://www.espn.com/f1/story/_/id/44668666/lando-norris-unfair-mclaren-chief-andrea-stella,Lando Norris 'unfair on himself' - McLaren chief Andrea Stella,Reuters,04-14-2025,50d911ff043b0e318406629b97688f74f29c24b938911ab0315f2b54d7f29d01,3347
doc_56,Lando Norris Red Bull should complain less and focus on themselves.txt,https://www.espn.com/f1/story/_/id/44632218/mclaren-lando-norris-red-bull-complain-less,Lando Norris Red Bull should complain less and focus on themselves,Reuters,04-11-2025,23d659ba228fe86e6b201ab93ffec0e3799968852b4fc0d3b17aa211b202e5e3,2951
doc_57,Lando Norris crashes out of Saudi Arabian GP qualifying.txt,https://www.espn.com/f1/story/_/id/44697205/lando-norris-saudi-arabian-gp-qualifying-ends-early-crash,Lando Norris crashes out of Saudi Arabian GP qualifying,Laurence Edmondson,04-19-2025,ba2768d8927167a863fd3a0e3e157f9cc2f1539d2d73b23bf22a17760028269d,2704
doc_58,Lando Norris says unbeatable label on McLaren is 'nonsense'.txt,https://www.espn.co.uk/f1/story/_/id/44515527/lando-norris-mclaren-unbeatable-label-nonsense,Lando Norris says unbeatable label on McLaren is 'nonsense',Nate Saunders,04-03-2025,91772f91a3e74b830da8cf8ce94cc672ab8f3cea0bbe7b3d1b3032d4c4349cce,4004
doc_59,Lewis Hamilton Ferrari felt 'terrible' after post-sprint win changes.txt,https://www.espn.co.uk/f1/story/_/id/44385964/lewis-hamilton-ferrari-felt-terrible-post-sprint-win-changes,Lewis Hamilton Ferrari felt 'terrible' after post-sprint win changes,ESPN,03-25-2025,001c1e1c9a5e152f6cc0d462cf83dd7f02af14fec1b1c71ad4e944a76011c2c4,1879
doc_60,Lewis Hamilton Red Bull dropping Liam Lawson 'pretty tough'.txt,https://www.espn.co.uk/racing/f1/story/_/id/44526026/lewis-hamilton-red-bull-liam-lawson-yuki-tsunod-pretty-tough,Lewis Hamilton Red Bull dropping Liam Lawson 'pretty tough',Nate Saunders,04-04-2025,d60a51102a20f6e1e0735c3df43243a4b3881d7eb3c28691f279e295d19d2f1b,4370
doc_61,Lewis Hamilton confident Ferrari performance can improve after Japan disappointment.txt,https://www.espn.com/f1/story/_/id/44556882/lewis-hamilton-confident-ferrari-performance-improve-japan-disappointment,Lewis Hamilton confident Ferrari performance can improve after Japan disappointment,Laurence Edmondson,04-06-2025,a238ddb6310670562efd1b22bf62defdc2c8fb6576b2d9cad4492c0514430fa6,3803
doc_62,Lewis Hamilton says he has '100% faith' in Ferrari after disqualification.txt,https://www.espn.co.uk/f1/story/_/id/44516873/lewis-hamilton-says-100-faith-ferrari-disqualification,Lewis Hamilton says he has '100% faith' in Ferrari after disqualification,Reuters,04-03-2025,6ad16ab29746a4199ddceb4298709f17267aa58c40b27e8b589816b4eeaa09cd,2240
doc_63,Lewis Hamlton has 'no doubts' over Ferrari potential amid tough start.txt,https://www.espn.com/f1/story/_/id/44719426/lewis-hamlton-no-doubts-ferrari-potential-amid-tough-start,Lewis Hamlton has 'no doubts' over Ferrari potential amid tough start,Laurence Edmondson,04-17-2025,4df7086fab7eca7a04f2c2b5ac6d5ec41259b60d00ffa94252d94d640e108774,3216
doc_64,Liam Lawson Racing Bulls boss says racer back to old self after 'sad' demotion.txt,https://www.espn.com/f1/story/_/id/44734283/racing-bulls-boss-says-racer-back-old-self-sad-demotion,Liam Lawson Racing Bulls boss says racer back to old self after 'sad' demotion,Reuters,04-18-2025,d5c93c1e6c923ead3e47a457dac4412b3e14a6e41113635974835586e8a624d6,1371
doc_65,Liam Lawson determined to make his mark in F1 after Red Bull demotion.txt,https://www.espn.co.uk/f1/story/_/id/44515173/liam-lawson-determined-make-mark-f1-red-bull-demotion,Liam Lawson determined to make his mark in F1 after Red Bull demotion,Reuters,04-03-2025,563c18c1b61c5e19f753ca432f589d3b380212a69f68875a4d2463eedb73cc13,2636
doc_66,Liam Lawson leaves Red Bull How F1 'dream' unraveled in 99 days.txt,https://www.espn.co.uk/f1/story/_/id/44416167/liam-lawson-leaves-red-bull-how-f1-dream-unraveled-99-days,Liam Lawson leaves Red Bull How F1 'dream' unraveled in 99 days,ESPN,03-27-2025,1c701f6b288960c13635877b2544dc3994a653fc16053dab3bdb07e7f8f734d6,7586
doc_67,Liam Lawson reveals 'shock' at Red Bull's Yuki Tsunoda switch.txt,https://www.espn.co.uk/f1/story/_/id/44505962/liam-lawson-reveals-shock-red-bull-yuki-tsunoda-switch,Liam Lawson reveals 'shock' at Red Bull's Yuki Tsunoda switch,ESPN,04-02-2025,1ef2ca2ca5d6573db945df570d0ad385bff8907aa7f0183ee07dce78bbc363fa,2378
doc_68,Limited overtakes add extra importance to qualifying - Ferrari boss Fred Vasseur.txt,https://www.espn.com/f1/story/_/id/44567477/limited-overtakes-extra-importance-qualifying-ferrari-boss-fred-vassuer,Limited overtakes add extra importance to qualifying - Ferrari boss Fred Vasseur,Nate Saunders,04-07-2025,4a06a356ee3925c666f0933017808a2f1f90e0bb366d4baef97424e74d05511c,2647
doc_69,Max Verstappen brushes off Red Bull exit suggestions.txt,https://www.espn.com/f1/story/_/id/44717088/max-verstappen-brushes-red-bull-exit-suggestions,Max Verstappen brushes off Red Bull exit suggestions,Laurence Edmondson,04-17-2025,f094932affbf00845614275840a872174a4dd2adbc4a6a0b8ea7b70e98363893,3667
doc_70,Max Verstappen is not a good fit for Mercedes says James Vowles.txt,https://www.espn.com/f1/story/_/id/44731672/max-verstappen-not-good-fit-mercedes-says-james-vowles,Max Verstappen is not a good fit for Mercedes says James Vowles,Laurence Edmondson,04-18-2025,0b69d5e0dff18773f7229f4efbe93850e5a5d7925f38a2e7d6ae9838a4336012,2635
doc_71,Max Verstappen on Red Bull driver swap I made my feelings clear.txt,https://www.espn.co.uk/f1/story/_/id/44514647/max-verstappen-made-my-feelings-clear,Max Verstappen on Red Bull driver swap I made my feelings clear,Laurence Edmondson,04-03-2025,a320fa6bc47c7f9c341a629e74fa3fcd1216421972216b3f1d9c2f3489b94e98,3148
doc_72,Max Verstappen says Red Bull car performance is 'hit and miss'.txt,https://www.espn.com/f1/story/_/id/44753426/max-verstappen-says-red-bull-car-performance-hit-miss,Max Verstappen says Red Bull car performance is 'hit and miss',Laurence Edmondson,04-19-2025,3f1b5f5d36d96ed45627505acf3bb7416803a8354b1634869e8c472d225c5c77,2307
doc_73,McLaren's Lando Norris relishing title fight with Oscar Piastri.txt,https://www.espn.co.uk/f1/story/_/id/44382260/lando-norris-relishing-title-fight-teammate-oscar-piastri,McLaren's Lando Norris relishing title fight with Oscar Piastri,Reuters,03-24-2025,25c18e2c6615fd76297842c9ad5f2307415e6dc6f586c7c63c943b446bf9fc3c,2359
doc_74,Mercedes rookie Andrea Kimi Antonelli lauds 'helpful' Valtteri Bottas.txt,https://www.espn.com/f1/story/_/id/44729348/mercedes-rookie-andrea-kimi-antonelli-lauds-helpful-valtteri-bottas,Mercedes rookie Andrea Kimi Antonelli lauds 'helpful' Valtteri Bottas,Reuters,04-18-2025,d3ef52b06c67d941b6bc162e13e2d4b966ee261756e4d0404086d6bde1a2efb0,1926
doc_75,Oscar Piastri dismisses Christian Horner 'McLaren strong all year'.txt,https://www.espn.com/f1/story/_/id/44628495/oscar-piastri-confident-mclaren-strong-all-year,Oscar Piastri dismisses Christian Horner 'McLaren strong all year',Reuters,04-11-2025,2fa671e2fd752a811f0940d64293aefdc694993011703da1bda776c5124f80ba,2510
doc_76,Red Bull considering replacing Liam Lawson with Yuki Tsunoda for Japanese GP - sources.txt,https://www.espn.co.uk/f1/story/_/id/44383563/red-bull-considering-replacing-liam-lawson-yuki-tsunoda-japanese-gp-sources,Red Bull considering replacing Liam Lawson with Yuki Tsunoda for Japanese GP - sources,Nate Saunders,03-24-2025,586384733f075254f3d567c17b2b7bab811bf8fa00cc05b9957242cf72325d37,3157
doc_77,Red Bull driver swap Liam Lawson demoted to RB as Yuki Tsunoda promoted.txt,https://www.espn.co.uk/f1/story/_/id/44396200/red-bull-driver-swap-liam-lawson-demoted-rb-yuki-tsunoda-promoted,Red Bull driver swap Liam Lawson demoted to RB as Yuki Tsunoda promoted,Nate Saunders,03-27-2025,4aa7b117cdfdc3a75a0bad516ad62dec9712ccab35b1288a5f4cdbc9c1d4c485,4006
doc_78,"Red Bull refuses to rule out immediate Liam Lawson, Yuki Tsunoda swap.txt",https://www.espn.co.uk/f1/story/_/id/44368668/red-bull-refuses-rule-immediate-liam-lawson-yuki-tsunoda-swap,"Red Bull refuses to rule out immediate Liam Lawson, Yuki Tsunoda swap",Laurence Edmondson,03-23-2025,9b7b34ed2e59b0e0025462b45faab5c1f42cf114c796e390f072c92ccd4b9d7b,3184
doc_79,Red Bull to replace Liam Lawson with Yuki Tsunoda - sources.txt,https://www.espn.co.uk/racing/f1/story/_/id/44406784/red-bull-replace-liam-lawson-yuki-tsunoda-reports,Red Bull to replace Liam Lawson with Yuki Tsunoda - sources,Nate Saunders,03-26-2025,fa58f1b22a9158bb968981bdaab9b36e5a079a2ad406a1cc6a55185ff916a5fc,2172
doc_80,Red Bull's Christian Horner lauds flawless Max Verstappen at Suzuka.txt,https://www.espn.co.uk/f1/story/_/id/44556255/christian-horner-lauds-flawless-max-verstappen-fourth-straight-win-suzuka,Red Bull's Christian Horner lauds flawless Max Verstappen at Suzuka,Reuters,04-06-2025,40ef11a91f0d29bbaeedb69461936edf1e0c8b57acc4fe65ee57dc8daa38a94d,3212
doc_81,Red Bull's Helmut Marko insists Yuki Tsunoda will see out the whole season.txt,https://www.espn.co.uk/f1/story/_/id/44452421/red-bull-helmut-marko-insists-yuki-tsunoda-see-whole-season,Red Bull's Helmut Marko insists Yuki Tsunoda will see out the whole season,Nate Saunders,03-29-2025,b77c1d2ad0e5c25f7c00dd53f1dfed146521f298230375315e45220af441aa68,1633
doc_82,Red Bull's Lawson predicament is a mess of its own making.txt,https://www.espn.co.uk/racing/f1/story/_/id/44386211/red-bull-racing-liam-lawson-predicament-mess-f1-teams-own-making,Red Bull's Lawson predicament is a mess of its own making,Nate Saunders,03-24-2025,51eb290fd018c292509f925cb7b0d7bf2337b080ab74b7de04fef2358daa7145,9336
doc_83,Red Bull's Max Verstappen says goodbye 'for now' to Honda.txt,https://www.espn.co.uk/f1/story/_/id/44503301/red-bull-max-verstappen-says-goodbye-now-honda,Red Bull's Max Verstappen says goodbye 'for now' to Honda,Reuters,04-02-2025,91e284c6981615efaf13fcd7db29e51b5e3e1b65b8f44b313eec2233f41c4c1c,2341
doc_84,Red Bull's Max Verstappen unhappy with Liam Lawson swap - Helmut Marko.txt,https://www.espn.co.uk/f1/story/_/id/44441368/red-bull-max-verstappen-unhappy-liam-lawson-swap-helmut-marko,Red Bull's Max Verstappen unhappy with Liam Lawson swap - Helmut Marko,Nate Saunders,03-28-2025,4b97345528cc7ccd46bdc96c76bce65d78597c590f079eeda20dc97c06b97c77,2128
doc_85,"Saudi Arabia interested in owning F1 team, prince says.txt",https://www.espn.com/f1/story/_/id/44680751/saudi-arabia-interested-owning-f1-team-prince-says,"Saudi Arabia interested in owning F1 team, prince says",Reuters,04-15-2025,12f5d8f384352a51f705ad40985cc8d04ee90dc2ac0b83c5a31b15ad97e6431e,3426
doc_86,Saudi Arabian GP Lewis Hamilton to go 'back to drawing board' after P7 qualifying.txt,https://www.espn.com/f1/story/_/id/44752327/lewis-hamilton-go-back-drawing-board-disappointing-qualifying,Saudi Arabian GP Lewis Hamilton to go 'back to drawing board' after P7 qualifying,Laurence Edmondson,04-19-2025,7e9c3e882cb5378644e3b39d6ab99144afd4453b591146a46a1c91cae7f9e1bc,3134
doc_87,Saudi Arabian GP Oscar Piastri beats Max Verstappen to lead championship.txt,https://www.espn.com/f1/story/_/id/44767901/oscar-piastri-beats-max-verstappen-lead-championship,Saudi Arabian GP Oscar Piastri beats Max Verstappen to lead championship,Laurence Edmondson,04-20-2025,7502a6b5560726c5f56b09235b133812ca8cc05e63f388fa0553ab087ba3d399,3585
doc_88,"Saudi Grand Prix Ferrari boss says team is ready, just need to 'cook'.txt",https://www.espn.com/f1/story/_/id/44745968/saudi-grand-prix-ferrari-boss-says-team-ready-just-need-cook,"Saudi Grand Prix Ferrari boss says team is ready, just need to 'cook'",Reuters,04-19-2025,4de6bfbac36d9e8a515f1bd0ea6afb78bc551626cd790c304a5d5d6d95ce225e,2650
doc_89,Self-critical Lando Norris is 'real role model' says Sebastian Vettel.txt,https://www.espn.com/f1/story/_/id/44694174/self-critical-lando-norris-real-role-model-says-sebastian-vettel,Self-critical Lando Norris is 'real role model' says Sebastian Vettel,Reuters,04-16-2025,5c3d370b7b9a0c873950ef10c1997a6de0d344168517b37a4cd27f07cd531a32,3474
doc_90,Stomach problem costs Carlos Sainz €20k for anthem breach.txt,https://www.espn.com/f1/story/_/id/44556682/stomach-problem-costs-carlos-sainz-20k-anthem-breach,Stomach problem costs Carlos Sainz €20k for anthem breach,Reuters,04-06-2025,4ffaa3a0b623afee6b74378b4e8f2d098dbba190c09a4341871862c1c8e3fdae,1274
doc_91,Talk of Max Verstappen leaving Red Bull is 'noise' says Christian Horner.txt,https://www.espn.com/f1/story/_/id/44732785/talk-max-verstappen-leaving-red-bull-noise-says-christian-horner,Talk of Max Verstappen leaving Red Bull is 'noise' says Christian Horner,Laurence Edmondson,04-18-2025,9e2e12e608c58ffc7e45aea0b25dd34d8065f53990bee32f265f94f374bf130f,3080
doc_92,Verstappen's perfect Japan GP shows McLaren won't get easy ride.txt,https://www.espn.com/racing/f1/story/_/id/44511630/verstappens-perfect-japan-gp-shows-mclaren-wont-get-easy-ride,Verstappen's perfect Japan GP shows McLaren won't get easy ride,Nate Saunders,04-06-2025,3689315b88ccaa58bcf0a459e6abdbec318c6c7d1946ac55202dfdb931c309d9,9530
doc_93,Williams focus on long-term rather than 2025 standing.txt,https://www.espn.com/f1/story/_/id/44748445/williams-focus-long-term-rather-2025-standing,Williams focus on long-term rather than 2025 standing,Reuters,04-19-2025,9d79e6b7b076da2583eefa339c2222a1b1747bff71d784f40286f3a8ea644f41,2122
doc_94,Youngest point scorers in F1 history.txt,https://www.espn.co.uk/racing/story/_/id/44510150/youngest-point-scorers-f1-history,Youngest point scorers in F1 history,Keith Jenkins,04-03-2025,e3ca9a3b6d5ea0b278762b1d9a1bdc2a9394709fd8fd820d4d126720e5477fa9,1668
doc_95,Yuki Tsunoda confident he can handle 'tricky' Red Bull car.txt,https://www.espn.co.uk/f1/story/_/id/44515266/yuki-tsunoda-confident-handle-tricky-red-bull-car,Yuki Tsunoda confident he can handle 'tricky' Red Bull car,Laurence Edmondson,04-03-2025,c371b51309cf25e04846b621396697baf3747380968a5079a55b9fb7a0cd1dd4,3923
